{
    "accuracy": 0.9870533402382186,
    "precision": 0.9803719008264463,
    "recall": 0.993717277486911,
    "f1_score": 0.9869994799791991,
    "roc_auc": 0.9970812591193888,
    "confusion_matrix": [
        [
            957,
            19
        ],
        [
            6,
            949
        ]
    ]
}